"LibraryName","LibraryLayout","SamplePrep","fastq1","fastq2","fastq3","fastq4","fastq5","fastq6","shortname","countf","libsize","alignpercent","sex","experiment.group","survive","challenge","condition","fastq_all"
"mS01","SINGLE","KAPA","mS1_AACGTGAT_L001_R1_001.fastq.gz","mS1_AACGTGAT_L002_R1_001.fastq.gz","mS1L5_S1_L005_R1_001.fastq.gz","mS1L6_S35_L006_R1_001.fastq.gz","mS1_S87_L005_R1_001.fastq.gz","mS1_S121_L006_R1_001.fastq.gz","mS01","mS01.count",NA,NA,"F","F.nc","control","N","nc","mS01.fastq.gz"
"mS02","SINGLE","KAPA","mS2_AAACATCG_L001_R1_001.fastq.gz","mS2_AAACATCG_L002_R1_001.fastq.gz","mS2L5_S2_L005_R1_001.fastq.gz","mS2L6_S36_L006_R1_001.fastq.gz","mS2_S88_L005_R1_001.fastq.gz","mS2_S122_L006_R1_001.fastq.gz","mS02","mS02.count",NA,NA,"M","M.nc","control","N","nc","mS02.fastq.gz"
"mS03","SINGLE","KAPA","mS3_ATGCCTAA_L001_R1_001.fastq.gz","mS3_ATGCCTAA_L002_R1_001.fastq.gz","mS3L5_S3_L005_R1_001.fastq.gz","mS3L6_S37_L006_R1_001.fastq.gz","mS3_S89_L005_R1_001.fastq.gz","mS3_S123_L006_R1_001.fastq.gz","mS03","mS03.count",NA,NA,"F","F.nc","control","N","nc","mS03.fastq.gz"
"mS04","SINGLE","KAPA","mS4_AGTGGTCA_L001_R1_001.fastq.gz","mS4_AGTGGTCA_L002_R1_001.fastq.gz","mS4L5_S4_L005_R1_001.fastq.gz","mS4L6_S38_L006_R1_001.fastq.gz","mS4_S90_L005_R1_001.fastq.gz","mS4_S124_L006_R1_001.fastq.gz","mS04","mS04.count",NA,NA,"F","F.nc","control","N","nc","mS04.fastq.gz"
"mS05","SINGLE","KAPA","mS5_ACCACTGT_L001_R1_001.fastq.gz","mS5_ACCACTGT_L002_R1_001.fastq.gz","mS5L5_S5_L005_R1_001.fastq.gz","mS5L6_S39_L006_R1_001.fastq.gz","mS5_S91_L005_R1_001.fastq.gz","mS5_S125_L006_R1_001.fastq.gz","mS05","mS05.count",NA,NA,"F","F.challenge.die","die","Y","die","mS05.fastq.gz"
"mS06","SINGLE","KAPA","mS6_ACATTGGC_L001_R1_001.fastq.gz","mS6_ACATTGGC_L002_R1_001.fastq.gz","mS6L5_S6_L005_R1_001.fastq.gz","mS6L6_S40_L006_R1_001.fastq.gz","mS6_S92_L005_R1_001.fastq.gz","mS6_S126_L006_R1_001.fastq.gz","mS06","mS06.count",NA,NA,"M","M.nc","control","N","nc","mS06.fastq.gz"
"mS07","SINGLE","KAPA","mS7_CAGATCTG_L001_R1_001.fastq.gz","mS7_CAGATCTG_L002_R1_001.fastq.gz","mS7L5_S7_L005_R1_001.fastq.gz","mS7L6_S41_L006_R1_001.fastq.gz","mS7_S93_L005_R1_001.fastq.gz","mS7_S127_L006_R1_001.fastq.gz","mS07","mS07.count",NA,NA,"M","M.challenge.die","die","Y","die","mS07.fastq.gz"
"mS08","SINGLE","KAPA","mS8_CATCAAGT_L001_R1_001.fastq.gz","mS8_CATCAAGT_L002_R1_001.fastq.gz","mS8L5_S8_L005_R1_001.fastq.gz","mS8L6_S42_L006_R1_001.fastq.gz","mS8_S94_L005_R1_001.fastq.gz","mS8_S128_L006_R1_001.fastq.gz","mS08","mS08.count",NA,NA,"M","M.challenge.die","die","Y","die","mS08.fastq.gz"
"mS09","SINGLE","KAPA","mS9_CGCTGATC_L001_R1_001.fastq.gz","mS9_CGCTGATC_L002_R1_001.fastq.gz","mS9L5_S9_L005_R1_001.fastq.gz","mS9L6_S43_L006_R1_001.fastq.gz","mS9_S95_L005_R1_001.fastq.gz","mS9_S129_L006_R1_001.fastq.gz","mS09","mS09.count",NA,NA,"M","M.nc","control","N","nc","mS09.fastq.gz"
"mS10","SINGLE","KAPA","mS10_ACAAGCTA_L001_R1_001.fastq.gz","mS10_ACAAGCTA_L002_R1_001.fastq.gz","mS10L5_S10_L005_R1_001.fastq.gz","mS10L6_S44_L006_R1_001.fastq.gz","mS10_S96_L005_R1_001.fastq.gz","mS10_S130_L006_R1_001.fastq.gz","mS10","mS10.count",NA,NA,"F","F.challenge.survive","survive","Y","survive","mS10.fastq.gz"
"mS11","SINGLE","KAPA","mS11_CTGTAGCC_L001_R1_001.fastq.gz","mS11_CTGTAGCC_L002_R1_001.fastq.gz","mS11L5_S11_L005_R1_001.fastq.gz","mS11L6_S45_L006_R1_001.fastq.gz","mS11_S97_L005_R1_001.fastq.gz","mS11_S131_L006_R1_001.fastq.gz","mS11","mS11.count",NA,NA,"F","F.nc","control","N","nc","mS11.fastq.gz"
"mS12","SINGLE","KAPA","mS12_AGTACAAG_L001_R1_001.fastq.gz","mS12_AGTACAAG_L002_R1_001.fastq.gz","mS12L5_S12_L005_R1_001.fastq.gz","mS12L6_S46_L006_R1_001.fastq.gz","mS12_S98_L005_R1_001.fastq.gz","mS12_S132_L006_R1_001.fastq.gz","mS12","mS12.count",NA,NA,"F","F.challenge.die","die","Y","die","mS12.fastq.gz"
"mS13","SINGLE","KAPA","mS13_AACAACCA_L001_R1_001.fastq.gz","mS13_AACAACCA_L002_R1_001.fastq.gz","mS13L5_S13_L005_R1_001.fastq.gz","mS13L6_S47_L006_R1_001.fastq.gz","mS13_S99_L005_R1_001.fastq.gz","mS13_S133_L006_R1_001.fastq.gz","mS13","mS13.count",NA,NA,"F","F.challenge.survive","survive","Y","survive","mS13.fastq.gz"
"mS14","SINGLE","KAPA","mS14_AACCGAGA_L001_R1_001.fastq.gz","mS14_AACCGAGA_L002_R1_001.fastq.gz","mS14L5_S14_L005_R1_001.fastq.gz","mS14L6_S48_L006_R1_001.fastq.gz","mS14_S100_L005_R1_001.fastq.gz","mS14_S134_L006_R1_001.fastq.gz","mS14","mS14.count",NA,NA,"F","F.challenge.survive","survive","Y","survive","mS14.fastq.gz"
"mS15","SINGLE","KAPA","mS15_AACGCTTA_L001_R1_001.fastq.gz","mS15_AACGCTTA_L002_R1_001.fastq.gz","mS15L5_S15_L005_R1_001.fastq.gz","mS15L6_S49_L006_R1_001.fastq.gz","mS15_S101_L005_R1_001.fastq.gz","mS15_S135_L006_R1_001.fastq.gz","mS15","mS15.count",NA,NA,"F","F.nc","control","N","nc","mS15.fastq.gz"
"mS16","SINGLE","KAPA","mS16_AAGACGGA_L001_R1_001.fastq.gz","mS16_AAGACGGA_L002_R1_001.fastq.gz","mS16L5_S16_L005_R1_001.fastq.gz","mS16L6_S50_L006_R1_001.fastq.gz","mS16_S102_L005_R1_001.fastq.gz","mS16_S136_L006_R1_001.fastq.gz","mS16","mS16.count",NA,NA,"M","M.challenge.die","die","Y","die","mS16.fastq.gz"
"mS17","SINGLE","KAPA","mS17_AAGGTACA_L001_R1_001.fastq.gz","mS17_AAGGTACA_L002_R1_001.fastq.gz","mS17L5_S17_L005_R1_001.fastq.gz","mS17L6_S51_L006_R1_001.fastq.gz","mS17_S103_L005_R1_001.fastq.gz","mS17_S137_L006_R1_001.fastq.gz","mS17","mS17.count",NA,NA,"F","F.challenge.survive","survive","Y","survive","mS17.fastq.gz"
"mS18","SINGLE","KAPA","mS18_ACACAGAA_L001_R1_001.fastq.gz","mS18_ACACAGAA_L002_R1_001.fastq.gz","mS18L5_S18_L005_R1_001.fastq.gz","mS18L6_S52_L006_R1_001.fastq.gz","mS18_S104_L005_R1_001.fastq.gz","mS18_S138_L006_R1_001.fastq.gz","mS18","mS18.count",NA,NA,"M","M.challenge.survive","survive","Y","survive","mS18.fastq.gz"
"mS19","SINGLE","KAPA","mS19_ACAGCAGA_L001_R1_001.fastq.gz","mS19_ACAGCAGA_L002_R1_001.fastq.gz","mS19L5_S19_L005_R1_001.fastq.gz","mS19L6_S53_L006_R1_001.fastq.gz","mS19_S105_L005_R1_001.fastq.gz","mS19_S139_L006_R1_001.fastq.gz","mS19","mS19.count",NA,NA,"F","F.challenge.die","die","Y","die","mS19.fastq.gz"
"mS20","SINGLE","KAPA","mS20_ACCTCCAA_L001_R1_001.fastq.gz","mS20_ACCTCCAA_L002_R1_001.fastq.gz","mS20L5_S20_L005_R1_001.fastq.gz","mS20L6_S54_L006_R1_001.fastq.gz","mS20_S106_L005_R1_001.fastq.gz","mS20_S140_L006_R1_001.fastq.gz","mS20","mS20.count",NA,NA,"F","F.challenge.die","die","Y","die","mS20.fastq.gz"
"mS21","SINGLE","KAPA","mS21_ACGCTCGA_L001_R1_001.fastq.gz","mS21_ACGCTCGA_L002_R1_001.fastq.gz","mS21L5_S21_L005_R1_001.fastq.gz","mS21L6_S55_L006_R1_001.fastq.gz","mS21_S107_L005_R1_001.fastq.gz","mS21_S141_L006_R1_001.fastq.gz","mS21","mS21.count",NA,NA,"M","M.nc","control","N","nc","mS21.fastq.gz"
"mS22","SINGLE","KAPA","mS22_ACGTATCA_L001_R1_001.fastq.gz","mS22_ACGTATCA_L002_R1_001.fastq.gz","mS22L5_S22_L005_R1_001.fastq.gz","mS22L6_S56_L006_R1_001.fastq.gz","mS22_S108_L005_R1_001.fastq.gz","mS22_S142_L006_R1_001.fastq.gz","mS22","mS22.count",NA,NA,"M","M.challenge.die","die","Y","die","mS22.fastq.gz"
"mS23","SINGLE","KAPA","mS23_ACTATGCA_L001_R1_001.fastq.gz","mS23_ACTATGCA_L002_R1_001.fastq.gz","mS23L5_S23_L005_R1_001.fastq.gz","mS23L6_S57_L006_R1_001.fastq.gz","mS23_S109_L005_R1_001.fastq.gz","mS23_S143_L006_R1_001.fastq.gz","mS23","mS23.count",NA,NA,"M","M.challenge.survive","survive","Y","survive","mS23.fastq.gz"
"mS24","SINGLE","KAPA","mS24_AGAGTCAA_L001_R1_001.fastq.gz","mS24_AGAGTCAA_L002_R1_001.fastq.gz","mS24L5_S24_L005_R1_001.fastq.gz","mS24L6_S58_L006_R1_001.fastq.gz","mS24_S110_L005_R1_001.fastq.gz","mS24_S144_L006_R1_001.fastq.gz","mS24","mS24.count",NA,NA,"M","M.nc","control","N","nc","mS24.fastq.gz"
"mS25","SINGLE","KAPA","mS25_AGATCGCA_L001_R1_001.fastq.gz","mS25_AGATCGCA_L002_R1_001.fastq.gz","mS25L5_S25_L005_R1_001.fastq.gz","mS25L6_S59_L006_R1_001.fastq.gz","mS25_S111_L005_R1_001.fastq.gz","mS25_S145_L006_R1_001.fastq.gz","mS25","mS25.count",NA,NA,"M","M.challenge.survive","survive","Y","survive","mS25.fastq.gz"
"mS26","SINGLE","KAPA","mS26_AGCAGGAA_L001_R1_001.fastq.gz","mS26_AGCAGGAA_L002_R1_001.fastq.gz","mS26L5_S26_L005_R1_001.fastq.gz","mS26L6_S60_L006_R1_001.fastq.gz","mS26_S112_L005_R1_001.fastq.gz","mS26_S146_L006_R1_001.fastq.gz","mS26","mS26.count",NA,NA,"M","M.challenge.survive","survive","Y","survive","mS26.fastq.gz"
"mS27","SINGLE","KAPA","mS27_AGTCACTA_L001_R1_001.fastq.gz","mS27_AGTCACTA_L002_R1_001.fastq.gz","mS27L5_S27_L005_R1_001.fastq.gz","mS27L6_S61_L006_R1_001.fastq.gz","mS27_S113_L005_R1_001.fastq.gz","mS27_S147_L006_R1_001.fastq.gz","mS27","mS27.count",NA,NA,"M","M.challenge.survive","survive","Y","survive","mS27.fastq.gz"
"mS28","SINGLE","KAPA","mS28_ATCCTGTA_L001_R1_001.fastq.gz","mS28_ATCCTGTA_L002_R1_001.fastq.gz","mS28L5_S28_L005_R1_001.fastq.gz","mS28L6_S62_L006_R1_001.fastq.gz","mS28_S114_L005_R1_001.fastq.gz","mS28_S148_L006_R1_001.fastq.gz","mS28","mS28.count",NA,NA,"M","M.challenge.die","die","Y","die","mS28.fastq.gz"
"mS29","SINGLE","KAPA","mS29_ATTGAGGA_L001_R1_001.fastq.gz","mS29_ATTGAGGA_L002_R1_001.fastq.gz","mS29L5_S29_L005_R1_001.fastq.gz","mS29L6_S63_L006_R1_001.fastq.gz","mS29_S115_L005_R1_001.fastq.gz","mS29_S149_L006_R1_001.fastq.gz","mS29","mS29.count",NA,NA,"F","F.challenge.survive","survive","Y","survive","mS29.fastq.gz"
"mS30","SINGLE","KAPA","mS30_CAACCACA_L001_R1_001.fastq.gz","mS30_CAACCACA_L002_R1_001.fastq.gz","mS30L5_S30_L005_R1_001.fastq.gz","mS30L6_S64_L006_R1_001.fastq.gz","mS30_S116_L005_R1_001.fastq.gz","mS30_S150_L006_R1_001.fastq.gz","mS30","mS30.count",NA,NA,"F","F.challenge.die","die","Y","die","mS30.fastq.gz"
"mS31","SINGLE","KAPA","mS_31_GTCGTAGA_L001_R1_001.fastq.gz","mS_31_GTCGTAGA_L002_R1_001.fastq.gz","mS31L5_S31_L005_R1_001.fastq.gz","mS31L6_S65_L006_R1_001.fastq.gz","mS31_S117_L005_R1_001.fastq.gz","mS31_S151_L006_R1_001.fastq.gz","mS31","mS31.count",NA,NA,"F","F.challenge.die","die","Y","die","mS31.fastq.gz"
"mS32","SINGLE","KAPA","mS_32_GTCTGTCA_L001_R1_001.fastq.gz","mS_32_GTCTGTCA_L002_R1_001.fastq.gz","mS32L5_S32_L005_R1_001.fastq.gz","mS32L6_S66_L006_R1_001.fastq.gz","mS32_S118_L005_R1_001.fastq.gz","mS32_S152_L006_R1_001.fastq.gz","mS32","mS32.count",NA,NA,"M","M.challenge.die","die","Y","die","mS32.fastq.gz"
"mS33","SINGLE","KAPA","mS_33_GTGTTCTA_L001_R1_001.fastq.gz","mS_33_GTGTTCTA_L002_R1_001.fastq.gz","","","","","mS33","mS33.count",NA,NA,"M","M.challenge.die","die","Y","die","mS33.fastq.gz"
"mS34","SINGLE","KAPA","mS_34_TAGGATGA_L001_R1_001.fastq.gz","mS_34_TAGGATGA_L002_R1_001.fastq.gz","mS34L5_S33_L005_R1_001.fastq.gz","mS34L6_S67_L006_R1_001.fastq.gz","mS34_S119_L005_R1_001.fastq.gz","mS34_S153_L006_R1_001.fastq.gz","mS34","mS34.count",NA,NA,"F","F.challenge.die","die","Y","die","mS34.fastq.gz"
"mS35","SINGLE","KAPA","mS_35_TATCAGCA_L001_R1_001.fastq.gz","mS_35_TATCAGCA_L002_R1_001.fastq.gz","mS35L5_S34_L005_R1_001.fastq.gz","mS35L6_S68_L006_R1_001.fastq.gz","mS35_S120_L005_R1_001.fastq.gz","mS35_S154_L006_R1_001.fastq.gz","mS35","mS35.count",NA,NA,"M","M.challenge.die","die","Y","die","mS35.fastq.gz"
