"ID","Description","Category","GeneRatio","num","denom","BgRatio","pvalue","p.adjust","qvalue","geneID","Count","Cluster"
"GO:0030595","leukocyte chemotaxis","cell",0.0806451612903226,15,186,"228/22777",6.66744264489335E-10,2.10357815446385E-06,1.6556312841372E-06,"Mtus1/Ednrb/Cx3cr1/Cxcr2/Anxa1/Slc12a2/Cxcl3/S100a9/Itgb2l/Retnlg/Ccl22/S100a8/Alox5/Ccr7/Cxcl2",15,"Blood"
"GO:0050727","regulation of inflammatory response","immune response",0.0967741935483871,18,186,"371/22777",1.70166645377704E-09,2.68437883083329E-06,2.11275324445266E-06,"Mmp8/Ednrb/Cx3cr1/Ace/Ggt1/Anxa1/Alox15/Ptgs2/Osm/S100a9/Pglyrp1/Alox5ap/Tnfaip3/Dagla/S100a8/Alox5/Ccr7/Stat5a",18,"Blood"
"GO:0034341","response to type II interferon","immune response",0.0645161290322581,12,186,"145/22777",2.70492065242753E-09,2.84467488613629E-06,2.23891502423739E-06,"Daxx/Socs1/Gbp9/Ccl22/Gbp4/Gbp3/Flnb/Ifitm6/Gbp6/Il12rb1/Irgm1/Tgtp1",12,"Blood"
"GO:0060326","cell chemotaxis","cell",0.0860215053763441,16,186,"306/22777",4.93762500572077E-09,3.89455172326225E-06,3.06522562855139E-06,"Mtus1/Ednrb/Cx3cr1/Cxcr2/Anxa1/Slc12a2/Cxcl3/Nrp1/S100a9/Itgb2l/Retnlg/Ccl22/S100a8/Alox5/Ccr7/Cxcl2",16,"Blood"
"GO:0007159","leukocyte cell-cell adhesion","cell",0.0967741935483871,18,186,"418/22777",1.09595425088675E-08,5.88123287145533E-06,4.62885256277025E-06,"Ctla4/Cd177/Ceacam1/Cx3cr1/Anxa1/Il7r/Socs1/S100a9/Itgb2l/Hfe/S100a8/Tnfrsf21/Nr4a3/Alox5/Ccr7/Il12rb1/Stat5a/Dusp3",18,"Blood"
"GO:0097529","myeloid leukocyte migration","cell",0.0752688172043011,14,186,"239/22777",1.11845950011829E-08,5.88123287145533E-06,4.62885256277025E-06,"Mtus1/Ednrb/Cd177/Cx3cr1/Cxcr2/Anxa1/Cxcl3/S100a9/Itgb2l/Retnlg/Ccl22/S100a8/Ccr7/Cxcl2",14,"Blood"
"GO:0019221","cytokine-mediated signaling pathway","immune response",0.0967741935483871,18,186,"428/22777",1.57657785618101E-08,7.10586162321582E-06,5.59270250034736E-06,"Ceacam1/Cx3cr1/Cxcr2/Il7r/Lifr/Socs1/Cxcl3/Osm/Ccl22/Ccrl2/Naip5/Ifitm6/Naip6/Ccr7/Cxcl2/Il12rb1/Irgm1/Stat5a",18,"Blood"
"GO:0050900","leukocyte migration","cell",0.0913978494623656,17,186,"383/22777",1.83702303225331E-08,7.24475958344901E-06,5.70202280669154E-06,"Mtus1/Ednrb/Cd177/Cx3cr1/Cxcr2/Anxa1/Slc12a2/Cxcl3/S100a9/Itgb2l/Retnlg/Ccl22/Itga6/S100a8/Alox5/Ccr7/Cxcl2",17,"Blood"
"GO:0001818","negative regulation of cytokine production","immune response",0.0806451612903226,15,186,"296/22777",2.30568468819209E-08,8.08270576805117E-06,6.36153237362006E-06,"Mmp8/Prg2/Ceacam1/Cx3cr1/Anxa1/Adcy7/Pglyrp1/Hfe/Gbp4/Gbp3/Tnfaip3/Tnfrsf21/Prg4/Ccr7/Fn1",15,"Blood"
"GO:0071346","cellular response to type II interferon","immune response",0.0537634408602151,10,186,"117/22777",4.33613983692805E-08,1.3544422339433E-05,1.06602026186413E-05,"Daxx/Socs1/Gbp9/Ccl22/Gbp4/Gbp3/Flnb/Gbp6/Il12rb1/Irgm1",10,"Blood"
"GO:0002697","regulation of immune effector process","immune response",0.0967741935483871,18,186,"460/22777",4.72230255891484E-08,1.3544422339433E-05,1.06602026186413E-05,"Prg2/Cd177/Ceacam1/Cx3cr1/Slc15a4/Anxa1/Il7r/Cd5l/Itgb2l/Tap2/Pglyrp1/Hfe/Tnfaip3/Fcer2a/Nr4a3/Ccr7/H2-Q4/Stat5a",18,"Blood"
"GO:0001906","cell killing","cell",0.0698924731182796,13,186,"239/22777",9.05203157611159E-08,2.37992996855267E-05,1.87313530596906E-05,"Ceacam1/Cx3cr1/Il7r/Cd5l/Bcl2l11/Tap2/Pglyrp1/Ccl22/Hfe/Fcer2a/Lyz2/H2-Q4/Stat5a",13,"Blood"
"GO:0072330","monocarboxylic acid biosynthetic process","metabolism",0.0645161290322581,12,186,"216/22777",2.28593374786335E-07,5.54778536500682E-05,4.36641110219404E-05,"Hacd4/Ceacam1/Mlxipl/Ltc4s/Acaca/Anxa1/Alox15/Ptgs2/Ptgs1/Cyp27a1/Alox5/Dhrs9",12,"Blood"
"GO:0046394","carboxylic acid biosynthetic process","metabolism",0.0752688172043011,14,186,"309/22777",2.71503742862032E-07,5.66375922353399E-05,4.45768888424945E-05,"Hacd4/Ceacam1/Mlxipl/Ltc4s/Ggt1/Acaca/Anxa1/Alox15/Ptgs2/Ptgs1/Alox5ap/Cyp27a1/Alox5/Dhrs9",14,"Blood"
"GO:1990868","response to chemokine","immune response",0.0430107526881721,8,186,"80/22777",2.98501870500555E-07,5.66375922353399E-05,4.45768888424945E-05,"Cx3cr1/Cxcr2/Slc12a2/Cxcl3/Ccl22/Ccrl2/Ccr7/Cxcl2",8,"Blood"
"GO:0050777","negative regulation of immune response","immune response",0.0537634408602151,10,186,"207/22777",8.24463586589068E-06,0.000703022328564462,0.000553317098368026,"Ctla4/Ceacam1/Anxa1/Alox15/Il7r/Pdcd1/Tap2/Pglyrp1/Hfe/Tnfaip3",10,"Blood"
"GO:0035456","response to interferon-beta","immune response",0.032258064516129,6,186,"70/22777",2.32458656526968E-05,0.00152793137779705,0.00120256572532263,"Ifi47/Gbp3/Ifitm6/Gbp6/Irgm1/Tgtp1",6,"Blood"
"GO:0006690","icosanoid metabolic process","metabolism",0.0430107526881721,8,186,"147/22777",2.88299395774147E-05,0.00185629508911721,0.00146100596053966,"Ltc4s/Anxa1/Alox15/Ptgs2/Ptgs1/Alox5ap/Dagla/Alox5",8,"Blood"
"GO:0120254","olefinic compound metabolic process","metabolism",0.0430107526881721,8,186,"169/22777",7.75293799387887E-05,0.00370613929858907,0.00291693472528872,"Ednrb/Alox15/Ptgs2/Ptgs1/Dhrs7/Dagla/Alox5/Dhrs9",8,"Blood"
"GO:0031349","positive regulation of defense response","immune response",0.0698924731182796,13,186,"447/22777",8.32004658934375E-05,0.00386025691020287,0.00303823373130989,"Mmp8/Slc15a4/Ace/Ptgs2/Osm/S100a9/Alox5ap/Tnfaip3/S100a8/Ccr7/Treml4/Irgm1/Stat5a",13,"Blood"
"GO:0006631","fatty acid metabolic process","metabolism",0.0698924731182796,13,186,"456/22777",0.000101524861641558,0.00447547010834346,0.00352244023207347,"Hacd4/Ceacam1/Mlxipl/Ltc4s/Acaca/Anxa1/Alox15/Ptgs2/Ptgs1/Alox5ap/Dagla/Nr4a3/Alox5",13,"Blood"
"GO:0035458","cellular response to interferon-beta","immune response",0.0268817204301075,5,186,"58/22777",0.000111035512060584,0.0046968197477113,0.0036966545282679,"Ifi47/Gbp3/Gbp6/Irgm1/Tgtp1",5,"Blood"
"GO:0001676","long-chain fatty acid metabolic process","metabolism",0.032258064516129,6,186,"129/22777",0.000678129917475886,0.0143590596619894,0.0113013668338087,"Ltc4s/Alox15/Ptgs2/Ptgs1/Dagla/Alox5",6,"Blood"
"GO:0009615","response to virus","immune response",0.0537634408602151,10,186,"363/22777",0.000837924280413119,0.0168385420681745,0.0132528553636912,"Gbp4/Gbp3/Tnfaip3/Dtx3l/Ifitm6/Mov10/Treml4/Il12rb1/Irgm1/Tgtp1",10,"Blood"
"GO:0042180","cellular ketone metabolic process","metabolism",0.0430107526881721,8,186,"244/22777",0.000919962345590942,0.0180780789507867,0.0142284388172177,"Ednrb/Ceacam1/Mlxipl/Anxa1/Ptgs2/Comt/Nr4a3/Dhrs9",8,"Blood"
"GO:0033559","unsaturated fatty acid metabolic process","metabolism",0.032258064516129,6,186,"139/22777",0.00100119162448676,0.0190286721400947,0.0149766077499319,"Anxa1/Alox15/Ptgs2/Ptgs1/Dagla/Alox5",6,"Blood"
"GO:0002831","regulation of response to biotic stimulus","immune response",0.0591397849462366,11,186,"483/22777",0.00214670767121593,0.0306464375687161,0.0241204257985158,"Ceacam1/Slc15a4/Socs1/Tap2/Gbp4/Tnfaip3/Dtx3l/Treml4/Il12rb1/Irgm1/Stat5a",11,"Blood"
"GO:0051607","defense response to virus","immune response",0.0430107526881721,8,186,"303/22777",0.00355214719458609,0.0404585718372531,0.0318431131751038,"Gbp4/Gbp3/Tnfaip3/Dtx3l/Ifitm6/Mov10/Treml4/Il12rb1",8,"Blood"
"GO:0140546","defense response to symbiont","immune response",0.0430107526881721,8,186,"304/22777",0.00362330228022938,0.0407079209795909,0.032039364614515,"Gbp4/Gbp3/Tnfaip3/Dtx3l/Ifitm6/Mov10/Treml4/Il12rb1",8,"Blood"
"GO:0019369","arachidonic acid metabolic process","metabolism",0.021505376344086,4,186,"79/22777",0.00401654945771951,0.043052104654881,0.0338843656287812,"Alox15/Ptgs2/Ptgs1/Dagla",4,"Blood"
"GO:0006631","fatty acid metabolic process","metabolism",0.0752351097178683,72,957,"456/22777",1.77109642228287E-22,9.26283428853942E-19,6.91846191904393E-19,"Cyp1b1/Akr1c6/Cyp7a1/Abcb11/Fads6/Avpr1a/Akr1c14/Hao1/Fmo1/Gstm4/Cyp2j5/Gstm7/Cyp2u1/Akr1c20/Cyp2b9/Cyp2c68/Acsl1/Ces1e/Hao2/Echdc3/Faah/Ptgs1/Fmo2/Cyp2f2/Ces1d/Cyp4f14/Akr1c18/Acbd4/Fmo4/Rgn/Cyp2c67/Trib3/Cyp2d26/Acnat1/Sphk1/Hacd4/Eif6/Fads3/Fads1/Ces1g/Cyp2c50/Cyp2a4/Prkag2/Il1b/Angptl3/Cyp2c55/Cyp2c54/Pla2g15/Acsm5/Lpin1/Acot6/Acot4/Cyp2c40/Acsm1/Abcd2/Cyp2b13/Pdk2/Ppargc1a/Cyp2c23/Fabp4/Cyp2c29/Hadh/Irs1/Abcd1/Cyp1a2/Asah2/Ces1f/Lpl/Ephx1/Acot2/Cyp2c37/Mgll",72,"Liver"
"GO:0008202","steroid metabolic process","metabolism",0.0585161964472309,56,957,"350/22777",5.33706870464204E-18,1.39564346626389E-14,1.04241378752245E-14,"Sec14l2/Sdr9c7/Cyp1b1/Hsd3b3/Fmo5/Akr1c6/Cyp7a1/Ttc39b/Abcb11/Tiparp/Fgf1/Dhcr24/Akr1c14/Dkk3/Sult2a1/Cat/Bdh1/Akr1d1/Slc37a4/Akr1c20/Cyp2b9/Ces1e/Hsd17b6/Adm/Ugt2b5/Ugt2b35/Ces1d/Akr1c18/Sult2a3/Il1a/Fgf23/Srd5a1/Prox1/Ces1g/Pctp/Abcg1/Ugt2b34/Aqp8/Ch25h/Ugt2b36/Angptl3/Hsd3b2/Lepr/Cyp39a1/Kit/Sult2a8/Cyp2b13/Ppargc1a/Cyp3a11/Ugt2b1/Wnt4/Vldlr/Igf2/Cyp1a2/Ces1f/Cyp3a25",56,"Liver"
"GO:0120254","olefinic compound metabolic process","metabolism",0.0397074190177638,38,957,"169/22777",1.19150572889707E-17,1.60280345276807E-14,1.19714272179175E-14,"Sdr9c7/Cyp1b1/Akr1c6/Akr1c14/Dkk3/Cyp2j5/Gstm7/Cyp2u1/Akr1c20/Cyp2b9/Cyp2c68/Hsd17b6/Dhrs3/Ptgs1/Adh1/Cyp2f2/Cyp4f14/Akr1c18/Cyp2c67/Cyp2d26/Sphk1/Srd5a1/Fads1/Cyp2c50/Cyp2a4/Cyp2c55/Cyp2c54/Cyp2c40/Bco2/Cyp2b13/Ppargc1a/Cyp2c23/Cyp2c29/Wnt4/Cyp1a2/Ephx1/Cyp2c37/Mgll",38,"Liver"
"GO:0006805","xenobiotic metabolic process","metabolism",0.0344827586206897,33,957,"126/22777",1.22585350116104E-17,1.60280345276807E-14,1.19714272179175E-14,"Cyp1b1/Fmo5/Abcb11/Fmo1/Gstm4/Cyp2j5/Sult2a1/Gstm7/Cyp2u1/Cyp2b9/Cyp2c68/Acsl1/Tpmt/Fmo2/Cyp2f2/Sult2a3/Fmo4/Cyp2c67/Cyp2d26/Cyp2c50/Gsta3/Cyp2a4/Cyp2c55/Cyp2c54/Sult2a8/Cyp2c40/Cyp2b13/Cyp2c23/Cyp2c29/Cyp3a11/Ugt2b1/Cyp1a2/Cyp2c37",33,"Liver"
"GO:0071466","cellular response to xenobiotic stimulus","cell",0.0397074190177638,38,957,"183/22777",2.02559956309264E-16,2.1187771429949E-13,1.58252631129195E-13,"Cyp1b1/Fmo5/Abcb11/Serpine1/Fmo1/Gstm4/Cyp2j5/Sult2a1/Gstm7/Pde4b/Cyp2u1/Cyp2b9/Cyp2c68/Acsl1/Tpmt/Fmo2/Cyp2f2/Sult2a3/Fmo4/Cyp2c67/Cyp2d26/Cyp2c50/Gsta3/Cyp2a4/Il1b/Cyp2c55/Cyp2c54/Sult2a8/Slamf8/Cyp2c40/Cyp2b13/Cyp2c23/Cyp2c29/Cyp3a11/Ugt2b1/Cyp1a2/Myc/Cyp2c37",38,"Liver"
"GO:0009410","response to xenobiotic stimulus","cell",0.0532915360501567,51,957,"332/22777",9.38041984845172E-16,8.17659930123375E-13,6.10714702764988E-13,"Cyp1b1/Fmo5/Akr1c6/Abcb11/Serpine1/Fmo1/Gstm4/Cyp2j5/Sult2a1/Gstm7/Pde4b/Cyp2u1/Akr1c20/Serpina7/Kdr/Cyp2b9/Cyp2c68/Acsl1/Tpmt/Fmo2/Cyp2f2/Sult2a3/Fmo4/Cyp2c67/Cyp2d26/Gata4/Srd5a1/Cyp2c50/Gsta3/Cyp2a4/Il1b/Cyp2c55/Jun/Inhba/Mmp7/Cyp2c54/Sult2a8/Slamf8/Cyp2c40/Cyp2b13/Cyp2c23/Cyp2c29/Hadh/Cyp3a11/Ugt2b1/Shank2/Igf2/Cyp1a2/P2rx7/Myc/Cyp2c37",51,"Liver"
"GO:0033559","unsaturated fatty acid metabolic process","metabolism",0.0334378265412748,32,957,"139/22777",2.16507111077188E-15,1.61761741561956E-12,1.20820735219165E-12,"Cyp1b1/Akr1c6/Avpr1a/Akr1c14/Cyp2j5/Gstm7/Cyp2u1/Akr1c20/Cyp2b9/Cyp2c68/Ptgs1/Cyp2f2/Cyp4f14/Akr1c18/Cyp2c67/Cyp2d26/Sphk1/Fads1/Cyp2c50/Cyp2a4/Il1b/Cyp2c55/Cyp2c54/Cyp2c40/Abcd2/Cyp2b13/Cyp2c23/Cyp2c29/Abcd1/Ephx1/Cyp2c37/Mgll",32,"Liver"
"GO:0006690","icosanoid metabolic process","metabolism",0.03239289446186,31,957,"147/22777",7.69714934565706E-14,4.13928492604475E-11,3.09165469669962E-11,"Cyp1b1/Akr1c6/Avpr1a/Akr1c14/Cyp2j5/Cyp2u1/Akr1c20/Cyp2b9/Cyp2c68/Mgst3/Ptgs1/Cyp2f2/Cyp4f14/Akr1c18/Cyp2c67/Cyp2d26/Sphk1/Fads1/Cyp2c50/Cyp2a4/Il1b/Cyp2c55/Cyp2c54/Cyp2c40/Cyp2b13/Cyp2c23/Cyp2c29/Tlr2/Ephx1/Cyp2c37/Mgll",31,"Liver"
"GO:0001676","long-chain fatty acid metabolic process","metabolism",0.0303030303030303,29,957,"129/22777",8.59482738093004E-14,4.13928492604475E-11,3.09165469669962E-11,"Cyp1b1/Gstm4/Cyp2j5/Gstm7/Cyp2u1/Cyp2b9/Cyp2c68/Acsl1/Ptgs1/Cyp2f2/Cyp4f14/Cyp2c67/Cyp2d26/Sphk1/Fads1/Cyp2c50/Cyp2a4/Cyp2c55/Cyp2c54/Acot4/Cyp2c40/Cyp2b13/Cyp2c23/Cyp2c29/Abcd1/Asah2/Ephx1/Cyp2c37/Mgll",29,"Liver"
"GO:0006066","alcohol metabolic process","metabolism",0.0512016718913271,49,957,"346/22777",8.65360480523079E-14,4.13928492604475E-11,3.09165469669962E-11,"Sec14l2/Sdr9c7/Cyp1b1/Fmo5/Akr1c6/Cyp7a1/Ttc39b/Pcbd1/Gpd1/Fgf1/Dhcr24/Akr1c14/Hao1/Dkk3/Sord/Sult2a1/Cat/Akr1d1/Akr1c20/Ces1e/Hsd17b6/Dhrs3/Adh1/Miox/Sptssb/Ces1d/Akr1c18/Sult2a3/Sphk1/Slc37a2/Chka/Ces1g/Pctp/Abcg1/Aqp8/Ch25h/Angptl3/Lepr/Cyp39a1/Sult2a8/Slc5a3/Pth1r/Wnt4/Vldlr/Cyp1a2/Asah2/Ces1f/Ephx1/Isyna1",49,"Liver"
"GO:0019369","arachidonic acid metabolic process","metabolism",0.0240334378265413,23,957,"79/22777",8.7059529993293E-14,4.13928492604475E-11,3.09165469669962E-11,"Cyp1b1/Cyp2j5/Cyp2u1/Cyp2b9/Cyp2c68/Ptgs1/Cyp2f2/Cyp4f14/Cyp2c67/Cyp2d26/Sphk1/Fads1/Cyp2c50/Cyp2a4/Cyp2c55/Cyp2c54/Cyp2c40/Cyp2b13/Cyp2c23/Cyp2c29/Ephx1/Cyp2c37/Mgll",23,"Liver"
"GO:0042180","cellular ketone metabolic process","metabolism",0.0407523510971787,39,957,"244/22777",6.46367900986523E-13,2.81708676846626E-10,2.10409761452718E-10,"Coq8a/Akr1c6/Cyp7a1/Abcb11/Avpr1a/Gpd1/Akr1c14/Fmo1/Dkk3/Akr1c20/Cyp2b9/Ces1e/Hsd17b6/Fmo2/Ces1d/Akr1c18/Fmo4/Rgn/Trib3/Coq8b/Slc37a2/Eif6/Srd5a1/Prox1/Ces1g/Ido2/Afmid/Prkag2/Il1b/Sirt5/Abcd2/Cyp2b13/Pdk2/Ppargc1a/Irs1/Wnt4/Abcd1/Pnkd/Ces1f",39,"Liver"
"GO:0044282","small molecule catabolic process","metabolism",0.0501567398119122,48,957,"356/22777",9.86554399327576E-13,3.96898423729479E-10,2.96445617482157E-10,"Glyctk/Cyp7a1/Abcb11/Amt/Ddah1/Hao1/Shmt1/Sord/Sult2a1/Akr1d1/Galm/Hal/Hgd/Hsd17b6/Hao2/Faah/Upp1/Adh1/Miox/Ces1d/Dhdh/Cyp4f14/Akr1c18/Sult2a3/Pipox/Fgf23/Sardh/Tat/Cda/Ido2/Nudt1/Afmid/Aldh1a7/Uroc1/Cyp39a1/Arg2/Lpin1/Sult2a8/Acot4/Abcd2/Xylb/Hadh/Irs1/Pah/Abcd1/Pnkd/Ces1f/Acot2",48,"Liver"
"GO:0062012","regulation of small molecule metabolic process","metabolism",0.0512016718913271,49,957,"377/22777",2.26629471776828E-12,8.46622955280581E-10,6.32347345687075E-10,"Sec14l2/Fmo5/Cyp7a1/Ttc39b/Abcb11/Avpr1a/Gpd1/Fgf1/Fmo1/Dkk3/Pfkfb1/Ddit4/Ier3/Ces1e/Ppp1r3g/Fmo2/Ptpn2/Ces1d/Fmo4/Rgn/Hif1a/Trib3/Eif6/Prox1/Ces1g/Cda/Adra1b/Abcg1/Aqp8/Prkag2/Il1b/Sirt5/Lepr/Slc4a4/Kit/Gpt/Abcd2/Pth1r/Pdk2/Ppargc1a/Irs1/Wnt4/Igf2/Abcd1/Il6/Ces1f/P2rx7/Myc/Isyna1",49,"Liver"
"GO:0015711","organic anion transport","metabolism",0.0553814002089864,53,957,"437/22777",4.3777580550192E-12,1.52637830851669E-09,1.14006036085447E-09,"Rgs2/Slc17a3/Abcb11/Slc16a12/Avpr1a/Abcg3/Slc10a5/Rgs4/Slc46a1/Slc25a23/Slc26a1/Slc2a1/Abcc6/Acsl1/Ces1e/Slc22a27/Gja1/Aqp9/Slc36a1/Ces1d/Slc10a1/Slco1b2/Il1a/Slc38a2/Slc37a2/Slc10a6/Ces1g/Aqp8/Slc2a9/Slc26a6/Abcc3/Car4/Adora2a/Il1b/Slc2a2/Slc23a1/Slc4a4/Arg2/Slc16a5/Abcd2/Slc1a4/Fabp4/Slc22a29/Slc25a42/Abcd1/Abcb4/Slc22a3/Slc17a8/Ces1f/P2rx7/Myc/Slc7a4/Slc6a20b",53,"Liver"
"GO:0032102","negative regulation of response to external stimulus","immune response",0.0512016718913271,49,957,"427/22777",2.01683671175256E-10,5.86003111248106E-08,4.37688949550512E-08,"Cd200/Dbn1/Serpine1/Ctla2a/Sema4g/Mmp12/Cldn3/Ier3/Gja1/Angpt2/Sema3a/Ptpn2/Plat/Cd34/Fgl2/Isg15/Tap1/Nlrp12/Sema4c/Ifi213/Plau/Nlrp6/Il20rb/Npy/Serpinb9/Klkb1/Adora2a/Rab7b/Aif1/Oas1a/Irak3/Arg2/Slamf8/Tspan8/Mmrn1/Adrb2/Ffar4/Stap1/Tnfaip6/Wnt4/Igf2/Ifi205/Dusp10/Sema3d/Ifi204/Rtn4rl1/Dusp1/Nlrp3/Robo2",49,"Liver"
"GO:0046394","carboxylic acid biosynthetic process","metabolism",0.0417972831765935,40,957,"309/22777",2.72236134096994E-10,7.49365779645937E-08,5.59705425835981E-08,"Cyp7a1/Fads6/Avpr1a/Hao1/Shmt1/Gstm4/Akr1d1/Gstm7/Bhmt2/Gulo/Ces1e/Mgst3/Ptgs1/Ces1d/Adi1/Rgn/Gatm/Trib3/Sphk1/Hacd4/Eif6/Fads3/Prox1/Fads1/Ces1g/Prkag2/Il1b/Cyp39a1/Bhmt/Acsm5/Acsm1/Abcd2/Cyp2c23/Plod2/Pah/Abcd1/Asah2/Ces1f/Lpl/Mgll",40,"Liver"
"GO:0072330","monocarboxylic acid biosynthetic process","metabolism",0.0313479623824451,30,957,"216/22777",9.03891474664002E-09,1.57578413749758E-06,1.17696184648355E-06,"Cyp7a1/Fads6/Avpr1a/Gstm4/Akr1d1/Gstm7/Ces1e/Ptgs1/Ces1d/Rgn/Gatm/Trib3/Sphk1/Hacd4/Eif6/Fads3/Prox1/Fads1/Ces1g/Prkag2/Il1b/Cyp39a1/Acsm5/Acsm1/Abcd2/Abcd1/Asah2/Ces1f/Lpl/Mgll",30,"Liver"
"GO:0035458","cellular response to interferon-beta","immune response",0.0156739811912226,15,957,"58/22777",1.10129858306105E-08,1.7453913907301E-06,1.30364243755648E-06,"Iigp1/Irgm1/Ifi213/Oas1a/Gbp3/Ifi47/Igtp/Irf1/Tgtp1/Gbp6/Ifi205/Irgm2/Ifi204/Tgtp2/Gbp2",15,"Liver"
"GO:0035456","response to interferon-beta","immune response",0.0167189132706374,16,957,"70/22777",2.44716118375963E-08,3.54154868689315E-06,2.64520220933088E-06,"Iigp1/Irgm1/Ifi213/Oas1a/Xaf1/Gbp3/Ifi47/Igtp/Irf1/Tgtp1/Gbp6/Ifi205/Irgm2/Ifi204/Tgtp2/Gbp2",16,"Liver"
"GO:0071346","cellular response to type II interferon","immune response",0.0208986415882968,20,957,"117/22777",8.60234797933954E-08,9.37297498582204E-06,7.00072661213356E-06,"Ptpn2/Irgm1/Irf8/Aqp4/Gbp4/Slc26a6/Gbp5/Rab7b/Gbp3/Igtp/Irf1/Stxbp4/Gbp6/Ccl20/Irgm2/Tlr2/Gbp9/Ccl2/Gbp2/Ccl11",20,"Liver"
"GO:0019221","cytokine-mediated signaling pathway","immune response",0.044932079414838,43,957,"428/22777",1.28512281245073E-07,1.29253698252256E-05,9.65402987247905E-06,"Mmp12/H2bc21/Cxcl9/Ccrl2/Acsl1/Krt18/Ptpn2/Iigp1/Ackr1/Il1a/Irgm1/Isg15/Hif1a/Sphk1/Ereg/Nlrp6/Lilra6/Il1b/Il2rb/Il33/Oas1a/Lepr/Cxcl10/Irak3/Kit/Zbp1/Ripk2/Igtp/Irf1/Stap1/Sigirr/Ccl20/Cxcl5/Oasl1/Casp4/Ackr3/Irgm2/Ccr2/Il6/Ccl2/Prlr/Il6ra/Ccl11",43,"Liver"
"GO:0034341","response to type II interferon","immune response",0.0229885057471264,22,957,"145/22777",1.77347805000689E-07,1.59918796578207E-05,1.19444229465981E-05,"Ptpn2/Irgm1/Irf8/Aqp4/Gbp4/Slc26a6/Ubd/Gbp5/Rab7b/Gbp3/Igtp/Irf1/Stxbp4/Tgtp1/Gbp6/Ccl20/Irgm2/Tlr2/Gbp9/Ccl2/Gbp2/Ccl11",22,"Liver"
"GO:0031349","positive regulation of defense response","immune response",0.044932079414838,43,957,"447/22777",4.26248367227058E-07,3.37769539484472E-05,2.52281928354005E-05,"Serpine1/Tgm2/Mmp12/H2-M3/Gja1/Cd14/Mmp8/Irgm1/Tnip1/Gimap5/Rftn1/Ctss/Ifi213/Ereg/Nlrp6/Pvr/Cebpb/Il1b/Gbp5/Il33/Rab7b/Oas1a/Irak3/Zbp1/Ripk2/Igtp/Irf1/Cd28/Stap1/Fabp4/Oasl1/Casp4/Clec4e/Gprc5b/Ifi205/Irgm2/Tlr2/Ccr2/Il6/Lpl/Ifi204/Cd86/Nlrp3",43,"Liver"
"GO:0050900","leukocyte migration","cell",0.0397074190177638,38,957,"383/22777",9.3597069003142E-07,6.19636292261307E-05,4.62809757589154E-05,"Cd200/Selp/Serpine1/Vegfa/Cxcl9/Pde4b/Slc37a4/Sele/Cd34/Il1a/Myo1f/Nlrp12/Itgam/Slamf9/Stk10/Pla2g7/Ch25h/Il1b/Icam1/Trem1/Il33/Aif1/Pde4d/Dapk2/Cxcl10/Kit/Slamf8/Camk1d/Stap1/Ccl20/Tnfaip6/Cxcl5/Tlr2/Ccr2/Dock8/Ccl2/Dusp1/Ccl11",38,"Liver"
"GO:0097529","myeloid leukocyte migration","cell",0.0292580982236155,28,957,"239/22777",1.01537224317553E-06,6.55604547136796E-05,4.89674645149371E-05,"Cd200/Serpine1/Vegfa/Cxcl9/Pde4b/Slc37a4/Il1a/Myo1f/Itgam/Pla2g7/Il1b/Trem1/Aif1/Pde4d/Dapk2/Cxcl10/Kit/Slamf8/Camk1d/Stap1/Ccl20/Tnfaip6/Cxcl5/Tlr2/Ccr2/Ccl2/Dusp1/Ccl11",28,"Liver"
"GO:0050727","regulation of inflammatory response","immune response",0.0376175548589342,36,957,"371/22777",3.0079015900832E-06,0.000162045154452965,0.000121032417867557,"Cd200/Serpine1/Tgm2/Ctla2a/Ier3/Ptpn2/Mmp8/Tnip1/Sphk1/Nlrp12/Ctss/Nlrp6/Il20rb/Npy/Cebpb/Adora2a/Il1b/Il33/Zbp1/Slamf8/Cd28/Adrb2/Ffar4/Stap1/Fabp4/Tnfaip6/Casp4/Tnc/Gprc5b/Tlr2/Ccr2/Dusp10/Il6/Lpl/Nlrp3/Mgll",36,"Liver"
"GO:0001818","negative regulation of cytokine production","immune response",0.03239289446186,31,957,"296/22777",3.04990843015083E-06,0.000162045154452965,0.000121032417867557,"Cd200/Slc37a4/Cd34/Mmp8/Gimap5/Nlrp12/Inhbb/Nlrp6/Aqp4/Gbp4/Il20rb/Rgcc/Il33/Oas1a/Irak3/Arg2/Relb/Gbp3/Homer2/Cdh3/Abcd2/Ffar4/Sigirr/Cd274/Dll1/Abcd1/Tlr2/Ddit3/Il6/Bank1/Nlrp3",31,"Liver"
"GO:0007159","leukocyte cell-cell adhesion","cell",0.0407523510971787,39,957,"418/22777",3.07240059537661E-06,0.000162045154452965,0.000121032417867557,"Selp/Clec4g/Sdc4/Phf10/Ptpn2/Sele/Il1a/Fgl2/Tnip1/Gimap5/Itgam/Stk10/Il20rb/Cebpb/Adora2a/Il1b/Icam1/Aif1/Mad1l1/Zc3h12d/Arg2/Olr1/Ripk2/Efnb1/Irf1/Sox12/Cd28/Cd274/Igf2/Ccr2/Dusp10/Dock8/Il6/Ccl2/Cd86/Smarcd3/Sirpb1c/Smarca2/Nlrp3",39,"Liver"
"GO:0030595","leukocyte chemotaxis","cell",0.0271682340647858,26,957,"228/22777",4.04030377213894E-06,0.00019565545118784,0.000146136133512745,"Serpine1/Vegfa/Cxcl9/Pde4b/Slc37a4/Itgam/Slamf9/Pla2g7/Ch25h/Il1b/Trem1/Aif1/Pde4d/Dapk2/Cxcl10/Kit/Slamf8/Camk1d/Stap1/Ccl20/Tnfaip6/Cxcl5/Ccr2/Ccl2/Dusp1/Ccl11",26,"Liver"
"GO:0009615","response to virus","immune response",0.0365726227795193,35,957,"363/22777",4.73787024642486E-06,0.000221241619542875,0.000165246583500777,"Kcnj8/Mlkl/Mmp12/Ddit4/Cxcl9/Irgm1/Fgl2/Isg15/Hif1a/Spon2/Ifi213/Nlrp6/Gbp4/Il1b/Il33/Rab7b/Oas1a/Cxcl10/Irak3/Zbp1/Gbp3/Rtp4/Igtp/Irf1/Tgtp1/Cd207/Skp2/Oasl1/Ifi205/Irgm2/Il6/Ifit2/Ifi204/Cd86/Nlrp3",35,"Liver"
"GO:0050777","negative regulation of immune response","immune response",0.0250783699059561,24,957,"207/22777",7.06016591410376E-06,0.000315595450690279,0.000235719979372371,"Clec4g/Mmp12/Ptpn2/Fgl2/Isg15/Tap1/Ifi213/Nlrp6/Il20rb/Npy/Serpinb9/Il33/Oas1a/Irak3/Arg2/C9orf72/Slamf8/Irf1/Igf2/Ifi205/Ccr2/Dusp10/Col3a1/Ifi204",24,"Liver"
"GO:0002831","regulation of response to biotic stimulus","immune response",0.0438871473354232,42,957,"483/22777",7.63028057863488E-06,0.000327101372346397,0.000244313815593736,"Mmp12/H2-M3/Ppl/Ptpn2/Cd14/Irgm1/Fgl2/Isg15/Tnip1/Gimap5/Myo1f/Tap1/Rftn1/Ifi213/Ereg/Nlrp6/Gbp4/Serpinb9/Pvr/Il1b/Gbp5/Rab7b/Oas1a/Irak3/Arg2/Zbp1/Slamf8/Ripk2/Igtp/Irf1/Cxcl5/Cd274/Oasl1/Clec4e/Igf2/Ifi205/Irgm2/Tlr2/Dusp10/Ifi204/Cd86/Nlrp3",42,"Liver"
"GO:0002697","regulation of immune effector process","immune response",0.0417972831765935,40,957,"460/22777",1.24962079515838E-05,0.000498894409059415,0.000372626980380293,"Clec4g/H2-T23/Tek/H2-M3/Ppl/Fgl2/H2-Q4/Gimap5/Tap1/Spon2/Itgam/Colec10/Fzd5/Il20rb/Shld2/Serpinb9/Pvr/Il1b/Il33/Irak3/Kit/Slamf8/Ripk2/Arid5a/Irf1/Cd28/Stap1/Cxcl5/Casp4/Igf2/Gprc5b/Tlr2/Ccr2/Dusp10/Il6/H2-Q6/Ccl2/P2rx7/Cd86/Nlrp3",40,"Liver"
"GO:0045088","regulation of innate immune response","immune response",0.0365726227795193,35,957,"384/22777",1.60739306543894E-05,0.00058379623140595,0.00043604061884824,"Mmp12/H2-M3/Ptpn2/Cd14/Irgm1/Isg15/Tnip1/Gimap5/Myo1f/Tap1/Rftn1/Ifi213/Ereg/Nlrp6/Serpinb9/Pvr/Gbp5/Rab7b/Oas1a/Irak3/Zbp1/Slamf8/Ripk2/Igtp/Irf1/Oasl1/Clec4e/Igf2/Ifi205/Irgm2/Tlr2/Dusp10/Ifi204/Cd86/Nlrp3",35,"Liver"
"GO:1990868","response to chemokine","immune response",0.0135841170323929,13,957,"80/22777",2.71308854687988E-05,0.000839612609478212,0.00062711127981758,"Cxcl9/Ccrl2/Ackr1/Hif1a/Cxcl10/Ccl20/Cxcl5/Ackr3/Ccr2/Dock8/Ccl2/Dusp1/Ccl11",13,"Liver"
"GO:0051607","defense response to virus","immune response",0.0303030303030303,29,957,"303/22777",3.46002120225491E-05,0.000999774082198519,0.00074673676542995,"Kcnj8/Mlkl/Mmp12/Ddit4/Cxcl9/Fgl2/Isg15/Spon2/Ifi213/Nlrp6/Gbp4/Il1b/Il33/Rab7b/Oas1a/Cxcl10/Zbp1/Gbp3/Rtp4/Irf1/Cd207/Skp2/Oasl1/Ifi205/Il6/Ifit2/Ifi204/Cd86/Nlrp3",29,"Liver"
"GO:0140546","defense response to symbiont","immune response",0.0303030303030303,29,957,"304/22777",3.67519850498935E-05,0.00105034361645324,0.000784507428933878,"Kcnj8/Mlkl/Mmp12/Ddit4/Cxcl9/Fgl2/Isg15/Spon2/Ifi213/Nlrp6/Gbp4/Il1b/Il33/Rab7b/Oas1a/Cxcl10/Zbp1/Gbp3/Rtp4/Irf1/Cd207/Skp2/Oasl1/Ifi205/Il6/Ifit2/Ifi204/Cd86/Nlrp3",29,"Liver"
"GO:0060326","cell chemotaxis","cell",0.0303030303030303,29,957,"306/22777",4.14227470652603E-05,0.00116156206853921,0.000867577103018818,"Fgf1/Serpine1/Vegfa/Cxcl9/Pde4b/Slc37a4/Kdr/Smoc2/Itgam/Slamf9/Pla2g7/Ch25h/Il1b/Trem1/Aif1/Pde4d/Dapk2/Cxcl10/Kit/Slamf8/Camk1d/Stap1/Ccl20/Tnfaip6/Cxcl5/Ccr2/Ccl2/Dusp1/Ccl11",29,"Liver"
"GO:0001906","cell killing","cell",0.0240334378265413,23,957,"239/22777",0.000199274710896393,0.00378984268359322,0.00283065436224503,"H2bc21/Cxcl9/H2-T23/H2-M3/H2-Q4/Gimap5/Tap1/Itgam/Nlrp6/Serpinb9/Pvr/Trem1/Gzmb/Cxcl10/Rab27a/Stap1/Ccl20/Cxcl5/Igf2/H2-Q6/Ccl2/P2rx7/Ccl11",23,"Liver"
"GO:0045089","positive regulation of innate immune response","immune response",0.0282131661442006,27,957,"305/22777",0.000232411340875304,0.00406525522668174,0.00303636150673563,"Mmp12/H2-M3/Cd14/Irgm1/Tnip1/Gimap5/Rftn1/Ifi213/Ereg/Nlrp6/Pvr/Gbp5/Rab7b/Oas1a/Irak3/Zbp1/Ripk2/Igtp/Irf1/Oasl1/Clec4e/Ifi205/Irgm2/Tlr2/Ifi204/Cd86/Nlrp3",27,"Liver"
"GO:0002833","positive regulation of response to biotic stimulus","immune response",0.0292580982236155,28,957,"334/22777",0.000436389108895674,0.00630473767824413,0.00470904327744067,"Mmp12/H2-M3/Cd14/Irgm1/Tnip1/Gimap5/Rftn1/Ifi213/Ereg/Nlrp6/Pvr/Gbp5/Rab7b/Oas1a/Irak3/Zbp1/Ripk2/Igtp/Irf1/Cd274/Oasl1/Clec4e/Ifi205/Irgm2/Tlr2/Ifi204/Cd86/Nlrp3",28,"Liver"
"GO:0002218","activation of innate immune response","immune response",0.0219435736677116,21,957,"236/22777",0.00103020700137456,0.0117191739437284,0.00875311552886707,"Cd14/Irgm1/Tnip1/Rftn1/Ifi213/Nlrp6/Rab7b/Oas1a/Irak3/Zbp1/Ripk2/Igtp/Irf1/Oasl1/Clec4e/Ifi205/Irgm2/Tlr2/Ifi204/Cd86/Nlrp3",21,"Liver"
"GO:0035456","response to interferon-beta","immune response",0.0354523227383863,29,818,"70/22777",7.80276444569192E-24,3.87329227084147E-20,2.92562599532154E-20,"Irgm1/Ifi47/Gbp7/F830016B08Rik/Gm4951/Igtp/Ifitm6/Camk2a/Ifi213/Xaf1/Iigp1/Oas1c/Stat1/Gm12185/Tgtp2/Irgm2/Irf1/Ifit1/Bst2/Tgtp1/Traf3ip3/Gm4841/Ifi203/Ifi206/Acod1/Gbp3/Ifi208/Mndal/Gbp6",29,"Spleen"
"GO:0035458","cellular response to interferon-beta","immune response",0.0317848410757946,26,818,"58/22777",1.3806134576778E-22,3.42668260195629E-19,2.5882869138149E-19,"Irgm1/Ifi47/Gbp7/F830016B08Rik/Gm4951/Igtp/Camk2a/Ifi213/Iigp1/Oas1c/Stat1/Gm12185/Tgtp2/Irgm2/Irf1/Ifit1/Tgtp1/Traf3ip3/Gm4841/Ifi203/Ifi206/Acod1/Gbp3/Ifi208/Mndal/Gbp6",26,"Spleen"
"GO:0009615","response to virus","immune response",0.0647921760391198,53,818,"363/22777",2.96540055405668E-18,4.90674945011245E-15,3.70623044685961E-15,"Ifih1/Irgm1/Parp9/Gbp7/Spon2/Ddx60/Nmb/Igtp/Dhx58/Trim12c/Treml4/Ifitm6/Kcnj8/Hyal3/Nmi/Irf7/Ifi213/Rtp4/Mmp12/Oasl1/Oas1c/Isg15/Cxcl9/Stat1/Tlr13/Ifit1bl2/Ifit2/Irgm2/Trim12a/Stat2/Oas1b/Irf1/Ifit1/Htra1/Lgals9/Gbp4/Bst2/Zbp1/Tgtp1/Mx1/Cxadr/Traf3ip3/Ifit1bl1/Ifi203/Ifi206/Acod1/Gbp3/Rab7b/Ifi208/Mndal/Tnfaip3/Cxcl10/Il6",53,"Spleen"
"GO:0045088","regulation of innate immune response","immune response",0.0660146699266504,54,818,"384/22777",7.76838645399553E-18,9.64056758940846E-15,7.28184014450845E-15,"Trafd1/Ifih1/Irgm1/Ltf/Parp9/Ddx60/Tap1/Igtp/Dhx58/Trim12c/Treml4/Serpinb9/Cav1/Wnt5a/Nmi/Rbm47/Irf7/Ifi213/Myo1f/Ceacam1/Mmp12/Cadm1/Oasl1/Oas1c/Isg15/Clec4e/Tlr13/Socs1/Ifi35/Lacc1/Sh2d1b1/Irgm2/Trim12a/Stat2/Nfkbia/Irf1/Lgals9/Zbp1/Pparg/Gbp5/Tlr12/Ifi203/Ifi206/Acod1/Rab7b/Nfkbiz/Ifi208/Cd14/Tnip3/Tril/Mndal/Tnfaip3/Trim62/Hspa1a",54,"Spleen"
"GO:0002831","regulation of response to biotic stimulus","immune response",0.0745721271393643,61,818,"483/22777",1.12890201873577E-17,1.12077392420087E-14,8.46557682260382E-15,"Trafd1/Ifih1/Irgm1/Ltf/Parp9/Ddx60/Tap1/Igtp/Dhx58/Trim12c/Bmp6/Cd274/Treml4/Serpinb9/Cav1/Wnt5a/Nmi/Rbm47/Irf7/Ifi213/Myo1f/Ceacam1/Mmp12/Cx3cl1/Cadm1/Oasl1/Oas1c/Isg15/Clec4e/Stat1/Tlr13/Socs1/Ifi35/Lacc1/Sh2d1b1/Irgm2/Trim12a/Stat2/Nfkbia/Irf1/Htra1/Lgals9/Gbp4/Zbp1/Pparg/Gbp5/Tlr12/Ifi203/Ifi206/Unc13b/Acod1/Rab7b/Nfkbiz/Ifi208/Cd14/Tnip3/Tril/Mndal/Tnfaip3/Trim62/Hspa1a",61,"Spleen"
"GO:0002833","positive regulation of response to biotic stimulus","immune response",0.058679706601467,48,818,"334/22777",2.28651071840779E-16,1.89170653436272E-13,1.42886862788922E-13,"Ifih1/Irgm1/Ltf/Parp9/Ddx60/Igtp/Dhx58/Trim12c/Bmp6/Cd274/Treml4/Cav1/Wnt5a/Nmi/Rbm47/Irf7/Ifi213/Mmp12/Cadm1/Oasl1/Oas1c/Clec4e/Tlr13/Ifi35/Lacc1/Sh2d1b1/Irgm2/Trim12a/Nfkbia/Irf1/Lgals9/Zbp1/Gbp5/Tlr12/Ifi203/Ifi206/Unc13b/Acod1/Rab7b/Nfkbiz/Ifi208/Cd14/Tnip3/Tril/Mndal/Tnfaip3/Trim62/Hspa1a",48,"Spleen"
"GO:0045089","positive regulation of innate immune response","immune response",0.0550122249388753,45,818,"305/22777",7.40591280618272E-16,5.25185016712729E-13,3.96689645347712E-13,"Ifih1/Irgm1/Ltf/Parp9/Ddx60/Igtp/Dhx58/Trim12c/Treml4/Cav1/Wnt5a/Nmi/Rbm47/Irf7/Ifi213/Mmp12/Cadm1/Oasl1/Oas1c/Clec4e/Tlr13/Ifi35/Lacc1/Sh2d1b1/Irgm2/Trim12a/Nfkbia/Irf1/Lgals9/Zbp1/Gbp5/Tlr12/Ifi203/Ifi206/Acod1/Rab7b/Nfkbiz/Ifi208/Cd14/Tnip3/Tril/Mndal/Tnfaip3/Trim62/Hspa1a",45,"Spleen"
"GO:0051607","defense response to virus","immune response",0.0537897310513447,44,818,"303/22777",2.82378110579504E-15,1.75215617614582E-12,1.32346161826868E-12,"Ifih1/Parp9/Gbp7/Spon2/Ddx60/Nmb/Dhx58/Trim12c/Treml4/Ifitm6/Kcnj8/Irf7/Ifi213/Rtp4/Mmp12/Oasl1/Oas1c/Isg15/Cxcl9/Stat1/Ifit1bl2/Ifit2/Trim12a/Stat2/Oas1b/Irf1/Ifit1/Htra1/Gbp4/Bst2/Zbp1/Cxadr/Traf3ip3/Ifit1bl1/Ifi203/Ifi206/Acod1/Gbp3/Rab7b/Ifi208/Mndal/Tnfaip3/Cxcl10/Il6",44,"Spleen"
"GO:0140546","defense response to symbiont","immune response",0.0537897310513447,44,818,"304/22777",3.1911133408876E-15,1.760076291574E-12,1.32944394388791E-12,"Ifih1/Parp9/Gbp7/Spon2/Ddx60/Nmb/Dhx58/Trim12c/Treml4/Ifitm6/Kcnj8/Irf7/Ifi213/Rtp4/Mmp12/Oasl1/Oas1c/Isg15/Cxcl9/Stat1/Ifit1bl2/Ifit2/Trim12a/Stat2/Oas1b/Irf1/Ifit1/Htra1/Gbp4/Bst2/Zbp1/Cxadr/Traf3ip3/Ifit1bl1/Ifi203/Ifi206/Acod1/Gbp3/Rab7b/Ifi208/Mndal/Tnfaip3/Cxcl10/Il6",44,"Spleen"
"GO:0031349","positive regulation of defense response","immune response",0.0647921760391198,53,818,"447/22777",2.3177404173921E-14,1.15052634319344E-11,8.69030670184278E-12,"Mmp8/Ifih1/Irgm1/Ltf/Parp9/Ddx60/Alox5ap/Igtp/Dhx58/Trim12c/Ednra/Treml4/Cav1/Wnt5a/Ccr2/Nmi/Rbm47/Irf7/Ifi213/Mmp12/Cadm1/Oasl1/Oas1c/Clec4e/Tlr13/Ifi35/Lacc1/Sh2d1b1/Irgm2/Trim12a/Nfkbia/Irf1/Lgals9/Zbp1/Casp4/Gbp5/Tlr12/Ifi203/Ifi206/Unc13b/Acod1/Rab7b/Nfkbiz/Ifi208/Cd14/Tnip3/Tril/Fabp4/Mndal/Tnfaip3/Trim62/Hspa1a/Il6",53,"Spleen"
"GO:0002218","activation of innate immune response","immune response",0.0440097799511003,36,818,"236/22777",2.15694806522663E-13,9.73371835980453E-11,7.35220000797823E-11,"Ifih1/Irgm1/Ltf/Ddx60/Igtp/Dhx58/Trim12c/Treml4/Cav1/Nmi/Irf7/Ifi213/Oasl1/Oas1c/Clec4e/Tlr13/Ifi35/Lacc1/Irgm2/Trim12a/Nfkbia/Irf1/Zbp1/Tlr12/Ifi203/Ifi206/Acod1/Rab7b/Nfkbiz/Ifi208/Cd14/Tnip3/Tril/Mndal/Tnfaip3/Hspa1a",36,"Spleen"
"GO:0034341","response to type II interferon","immune response",0.0317848410757946,26,818,"145/22777",1.15155483814268E-11,4.76359851378355E-09,3.59810380128441E-09,"Irgm1/Ubd/Parp9/Gbp7/Mrc1/Igtp/Ifitm6/Nmi/Ccl11/Cx3cl1/Stat1/Socs1/Irgm2/Irf1/Gbp4/Bst2/Tgtp1/Pparg/Gbp5/Acod1/Gbp3/Rab7b/Cxcl16/Gbp6/Nos2/Ciita",26,"Spleen"
"GO:0032102","negative regulation of response to external stimulus","immune response",0.0562347188264059,46,818,"427/22777",3.54044243174287E-11,1.35190432547474E-08,1.02113813294479E-08,"Anxa2/Trafd1/Ltf/Rtn4rl1/Cd200/Thbd/Tap1/Dhx58/Cxcl13/Serpinb9/Wnt5a/Nmi/Ifi213/Angpt2/Ceacam1/Mmp12/Igf1/Cx3cl1/Oas1c/Isg15/Pglyrp1/Sh2d1b1/Plau/Stat2/Robo2/Sema3c/Sema4c/Htra1/Lgals9/Sema3a/Serpinf2/Cx3cr1/Pparg/Neo1/Ptgis/Hgf/Ifi203/Ctla2a/Ifi206/Acod1/Rgma/Rab7b/Ifi208/Rin3/Mndal/Tnfaip3",46,"Spleen"
"GO:0001818","negative regulation of cytokine production","immune response",0.0452322738386308,37,818,"296/22777",4.40767786896972E-11,1.56283663868326E-08,1.18046229844136E-08,"Mmp8/Mc1r/Cd200/Gbp7/Gas6/Hfe/Nmb/Inhbb/Cdh3/Dhx58/Cd274/Nmi/Errfi1/Ceacam1/Igf1/Cx3cl1/Oas1c/Pglyrp1/Klf4/Sh2d1b1/Cd59a/Fgfr4/Lgals9/Gbp4/Tgfb2/Bst2/Cx3cr1/Anxa1/Pparg/Hgf/Tgfb3/Twist1/Acod1/Gbp3/Ephb2/Tnfaip3/Il6",37,"Spleen"
"GO:0050777","negative regulation of immune response","immune response",0.0366748166259169,30,818,"207/22777",8.06898314534668E-11,2.67029548890006E-08,2.01696266412104E-08,"Trafd1/Hfe/Tap1/Dhx58/Serpinb9/Ccr2/Nmi/Ifi213/Ceacam1/Mmp12/Samsn1/Zbtb7b/Cr2/Oas1c/Isg15/Pglyrp1/Sh2d1b1/Cd59a/Stat2/Irf1/Lgals9/Tgfb2/Anxa1/Pparg/Ifi203/Ifi206/Acod1/Ifi208/Mndal/Tnfaip3",30,"Spleen"
"GO:0019221","cytokine-mediated signaling pathway","immune response",0.0537897310513447,44,818,"428/22777",4.28820645801202E-10,9.25506819894419E-08,6.99065968120769E-08,"Irgm1/Lifr/Parp9/Gas6/Igtp/Cxcr2/Cxcl13/Ifitm6/Cav1/Wnt5a/Ccr2/Nmi/Rbm47/Irf7/Ccl11/Iigp1/Ceacam1/Mmp12/Cx3cl1/Ccrl2/Oasl1/Oas1c/Isg15/Lepr/Cxcl9/Stat1/Socs1/Ackr3/Irgm2/Stat2/Nfkbia/Irf1/Zbp1/Casp4/Cx3cr1/Pparg/Ecm1/Il1a/Pira6/Nfkbiz/Pira11/Cxcl10/Hspa1a/Il6",44,"Spleen"
"GO:0050900","leukocyte migration","cell",0.0501222493887531,41,818,"383/22777",5.06559386652662E-10,1.04773366472659E-07,7.91387954059992E-08,"Ccr3/Edn3/Mmp9/Cd200/Gas6/Smpd3/Cxcr2/Emp2/Cd177/Cxcl13/Itga3/Ednra/Itgam/Retnlg/Wnt5a/Ccr2/Trpm2/Ednrb/Ccl11/Myo1f/Cx3cl1/Cadm1/Cxcl9/Pde4b/Vegfc/Mtus1/Lgals9/Ptpro/Cx3cr1/Anxa1/Cxadr/S1pr1/Ecm1/Podxl/Ptn/Il1a/Rin3/Plec/Cxcl16/Cxcl10/Stk10",41,"Spleen"
"GO:0030595","leukocyte chemotaxis","cell",0.0354523227383863,29,818,"228/22777",3.72735411960903E-09,6.16752861657974E-07,4.65853872773592E-07,"Ccr3/Edn3/Mmp9/Gas6/Cxcr2/Cxcl13/Ednra/Itgam/Retnlg/Wnt5a/Ccr2/Trpm2/Ednrb/Ccl11/Cx3cl1/Cxcl9/Pde4b/Vegfc/Mtus1/Ptpro/Cx3cr1/Anxa1/Cxadr/S1pr1/Ptn/Rin3/Plec/Cxcl16/Cxcl10",29,"Spleen"
"GO:0071346","cellular response to type II interferon","immune response",0.0244498777506112,20,818,"117/22777",6.43923264014403E-09,9.56556926203109E-07,7.22519142273946E-07,"Irgm1/Parp9/Gbp7/Mrc1/Igtp/Nmi/Ccl11/Cx3cl1/Stat1/Socs1/Irgm2/Irf1/Gbp4/Pparg/Gbp5/Acod1/Gbp3/Rab7b/Gbp6/Nos2",20,"Spleen"
"GO:0060326","cell chemotaxis","cell",0.0403422982885086,33,818,"306/22777",2.08453929094992E-08,2.40643093959893E-06,1.817657026772E-06,"Ccr3/Edn3/Mmp9/Gas6/Cxcr2/Cxcl13/Ednra/Itgam/Retnlg/Wnt5a/Ccr2/Snai2/Trpm2/Ednrb/Ccl11/Cx3cl1/Cxcl9/Pde4b/Vegfc/Prkd1/Mtus1/Ptpro/Cx3cr1/Anxa1/Cxadr/S1pr1/Hgf/Ptn/Rin3/Plec/Cxcl16/Cxcl10/Nr4a1",33,"Spleen"
"GO:0097529","myeloid leukocyte migration","cell",0.0330073349633252,27,818,"239/22777",1.55256752754703E-07,1.35209565030587E-05,1.02128264692936E-05,"Ccr3/Edn3/Mmp9/Cd200/Cxcr2/Emp2/Cd177/Cxcl13/Ednra/Itgam/Retnlg/Ccr2/Ednrb/Ccl11/Myo1f/Cx3cl1/Cxcl9/Pde4b/Vegfc/Mtus1/Ptpro/Cx3cr1/Anxa1/Cxadr/Il1a/Rin3/Cxcl10",27,"Spleen"
"GO:0001906","cell killing","cell",0.0317848410757946,26,818,"239/22777",5.48977929811884E-07,3.6826033021435E-05,2.78159229870545E-05,"Nts/Ltf/Fcer2a/Cd5l/Hfe/Tap1/Emp2/Cxcl13/Itgam/Serpinb9/H2-T23/Ccl11/Gzmb/Ceacam1/Cadm1/Cxcl9/Pglyrp1/Sh2d1b1/Cd59a/Lgals9/Cx3cr1/H2-T22/H2-Q4/Atn1/Nos2/Cxcl10",26,"Spleen"
"GO:0002697","regulation of immune effector process","immune response",0.0464547677261614,38,818,"460/22777",1.86668179055011E-06,9.73821483092206E-05,7.35559634160575E-05,"Fcer2a/Spon2/Cd5l/Ddx60/Hfe/Tap1/Cd177/Dhx58/Itgam/Serpinb9/Wnt5a/Ccr2/H2-T23/Ceacam1/Zbtb7b/Cr2/Cadm1/Pglyrp1/Lacc1/Sh2d1b1/Cd59a/Fes/Irf1/Lgals9/Tgfb2/Bst2/Casp4/Cx3cr1/Anxa1/H2-T22/Tgfb3/Twist1/H2-Q4/Nfkbiz/Ephb2/Tril/Tnfaip3/Il6",38,"Spleen"
"GO:0050727","regulation of inflammatory response","immune response",0.0378973105134474,31,818,"371/22777",1.30380202959224E-05,0.000444312210245306,0.000335603734868692,"Mmp8/Cd200/Alox5ap/Ednra/Wnt5a/Ccr2/Nmi/Ednrb/Igf1/Cx3cl1/Pglyrp1/Ifi35/Lacc1/Dagla/Nfkbia/Lgals9/Zbp1/Casp4/Cx3cr1/Anxa1/Pparg/Ptgis/Hgf/Ggt1/Ctla2a/Acod1/Nfkbiz/Slc7a2/Fabp4/Tnfaip3/Il6",31,"Spleen"
"GO:1990868","response to chemokine","immune response",0.0122249388753056,10,818,"80/22777",0.000573421250313829,0.00862564571684196,0.00651523602429939,"Cxcr2/Cxcl13/Ccr2/Ccl11/Cx3cl1/Ccrl2/Cxcl9/Ackr3/Cx3cr1/Cxcl10",10,"Spleen"
"GO:0006690","icosanoid metabolic process","metabolism",0.0146699266503667,12,818,"147/22777",0.00684917332953471,0.0487794783469301,0.0368447563237977,"Hpgd/Ptgs1/Alox5ap/Cyp2s1/Ggt5/Prxl2b/Avpr1a/Dagla/Anxa1/Ptgis/Pdpn/Cyp1b1",12,"Spleen"
"GO:0015711","organic anion transport","metabolism",0.0317848410757946,26,818,"437/22777",0.0086571954728191,0.057146699903024,0.0431647960164917,"Crabp1/Map2k6/Slc16a2/Abcg3/Nmb/Rgs4/Abcc3/Slc37a2/Ceacam1/Avpr1a/Sfxn5/Slc46a1/Slc16a7/Kcnj10/Anxa1/Abcb1b/Pparg/Slc6a13/Slc25a23/Rbp1/Il1a/Apba1/Slc7a2/Fabp4/Syt4/Nos2",26,"Spleen"
"GO:0007159","leukocyte cell-cell adhesion","cell",0.0305623471882641,25,818,"418/22777",0.00931693241699995,0.0597535562247903,0.0451338409755934,"Hfe/Cd177/Smarca2/Itgam/Cd274/Cav1/Ildr2/Ccr2/Ceacam1/Igf1/Zbtb7b/Socs1/Klf4/Cd59a/Irf1/Lgals9/Sirpd/Cx3cr1/Anxa1/Bmp4/Il1a/Nfkbiz/Smarcd3/Il6/Stk10",25,"Spleen"
